{
  "images" : [
    {
      "size" : "29x29",
      "idiom" : "iphone",
      "filename" : "TCALogo - AppIcon - 120x120.png",
      "scale" : "2x"
    },
    {
      "size" : "29x29",
      "idiom" : "iphone",
      "filename" : "TCALogo - AppIconForAppstore - 1024x1024.png",
      "scale" : "3x"
    },
    {
      "size" : "40x40",
      "idiom" : "iphone",
      "filename" : "TCALogo - AppIcon - 120x120-1.png",
      "scale" : "2x"
    },
    {
      "size" : "40x40",
      "idiom" : "iphone",
      "filename" : "TCALogo - AppIconForAppstore - 1024x1024-1.png",
      "scale" : "3x"
    },
    {
      "size" : "60x60",
      "idiom" : "iphone",
      "filename" : "TCALogo - AppIcon - 120x120-2.png",
      "scale" : "2x"
    },
    {
      "size" : "60x60",
      "idiom" : "iphone",
      "filename" : "TCALogo - AppIcon - 120x120-3.png",
      "scale" : "3x"
    }
  ],
  "info" : {
    "version" : 1,
    "author" : "xcode"
  }
}